num_clients,run,c_value,jfi
10,1,1,0.9910070263472178
10,1,11,0.9928548461442022
10,1,21,0.8991873245780404
10,1,31,0.7660131597408758
10,1,41,0.6442853581938012
10,1,51,0.4769388623678607
10,1,61,0.3919262301928038
10,1,71,0.4029744553382205
10,1,81,0.29700436690559456
