num_clients,run,c_value,jfi
10,1,1,0.9960524725844055
10,1,11,0.98191406259921
10,1,21,0.8780166327286025
10,1,31,0.6553844399490889
10,1,41,0.5844994898293449
10,1,51,0.46154647036827356
10,1,61,0.3661740612399541
10,1,71,0.3708588576567143
10,1,81,0.18180372466628258
