num_clients,run,c,jfi
10,1,50,0.9980623434075048
10,2,50,0.9618384762471053
